ID,name,createdAt,createdBy,modifiedAt,modifiedBy
20324466,name-20324466,2013-12-20T00:00:00.000Z,createdBy.c3mgi@example.org,2010-10-10T00:00:00.000Z,modifiedBy.c3mgi@example.org
1882821,name-1882821,2001-03-17T00:00:00.000Z,createdBy.14csl@example.org,2017-10-02T00:00:00.000Z,modifiedBy.14csl@example.net
1882822,name-1882822,2010-02-01T00:00:00.000Z,createdBy.14csm@example.org,2003-12-27T00:00:00.000Z,modifiedBy.14csm@example.org
1882823,name-1882823,2014-02-04T00:00:00.000Z,createdBy.14csn@example.net,2012-04-24T00:00:00.000Z,modifiedBy.14csn@example.net
1882824,name-1882824,2012-08-25T00:00:00.000Z,createdBy.14cso@example.com,2013-02-02T00:00:00.000Z,modifiedBy.14cso@example.net
1882825,name-1882825,2014-06-04T00:00:00.000Z,createdBy.14csp@example.net,2009-02-20T00:00:00.000Z,modifiedBy.14csp@example.com
1882826,name-1882826,2007-10-12T00:00:00.000Z,createdBy.14csq@example.org,2008-02-02T00:00:00.000Z,modifiedBy.14csq@example.com
1882827,name-1882827,2003-08-26T00:00:00.000Z,createdBy.14csr@example.com,2000-02-04T00:00:00.000Z,modifiedBy.14csr@example.com
1882828,name-1882828,2022-02-17T00:00:00.000Z,createdBy.14css@example.com,2019-06-02T00:00:00.000Z,modifiedBy.14css@example.org
1882829,name-1882829,2010-01-19T00:00:00.000Z,createdBy.14cst@example.net,2002-09-02T00:00:00.000Z,modifiedBy.14cst@example.net